segmento,portafolio,clientes,mora_pct,dpd_avg,ticket_prom,alerta
MICROEMPRESA,3560984.07,69,16.8,6.65034965034965,24901.9865034965,True
PREMIUM,13697845.95,44,4.5,1.6179775280898876,153908.38146067414,False
PYME,11225940.06,79,9.0,3.305084745762712,63423.390169491526,True
RETAIL,5435800.05,163,7.4,3.2990353697749195,17478.456752411574,False
