segmento,clientes_unicos,creditos,saldo_total,ticket_promedio,mora_rate,mora_critica_rate,provision_total,alto_esfuerzo_rate
Personas,578,1052,22633462.2,21514.697908745246,0.06653992395437262,0.02091254752851711,509449.55,0.13878326996197718
Pyme,218,398,21761495.99,54677.12560301507,0.10804020100502512,0.032663316582914576,545120.52,0.3442211055276382
Premium,89,161,15237429.68,94642.42037267081,0.09937888198757763,0.031055900621118012,331686.91,0.18012422360248448
