segmento,region,creditos,saldo_total,mora_rate,provision_total,prioridad
Premium,Oriente,17,2051706.31,0.23529411764705882,103071.52,Alta
Pyme,Oriente,38,2377374.69,0.15789473684210525,152532.72999999998,Alta
Pyme,Sur,45,2466728.06,0.13333333333333333,70290.67,Media
Personas,Oriente,92,2070053.91,0.13043478260869565,73490.89,Media
Premium,Lima,64,5985919.76,0.125,94722.43000000001,Media
Pyme,Lima,168,9623794.15,0.1130952380952381,224791.75,Media
Pyme,Centro,74,3557597.68,0.0945945945945946,53985.74,Preventiva
Personas,Norte,178,3901284.07,0.0898876404494382,125854.7,Preventiva
